<?xml version="1.0" encoding="UTF-8"?>
<jcr:root xmlns:sling="http://sling.apache.org/jcr/sling/1.0" xmlns:granite="http://www.adobe.com/jcr/granite/1.0" xmlns:cq="http://www.day.com/jcr/cq/1.0" xmlns:jcr="http://www.jcp.org/jcr/1.0" xmlns:nt="http://www.jcp.org/jcr/nt/1.0"
          jcr:primaryType="nt:unstructured"
          jcr:title="BEEJ Promo Slice"
          sling:resourceType="cq/gui/components/authoring/dialog">
    <content
            jcr:primaryType="nt:unstructured"
            sling:resourceType="granite/ui/components/coral/foundation/container">
        <items jcr:primaryType="nt:unstructured">
            <tabs
                    jcr:primaryType="nt:unstructured"
                    sling:resourceType="granite/ui/components/coral/foundation/tabs"
                    maximized="{Boolean}false">
                <items jcr:primaryType="nt:unstructured">
                    <image
                            jcr:primaryType="nt:unstructured"
                            jcr:title="Image"
                            sling:resourceType="granite/ui/components/coral/foundation/container"
                            margin="{Boolean}true">
                        <items jcr:primaryType="nt:unstructured">
                            <columns
                                    jcr:primaryType="nt:unstructured"
                                    sling:resourceType="granite/ui/components/coral/foundation/fixedcolumns"
                                    margin="{Boolean}true">
                                <items jcr:primaryType="nt:unstructured">
                                    <column
                                            jcr:primaryType="nt:unstructured"
                                            sling:resourceType="granite/ui/components/coral/foundation/container">
                                        <items jcr:primaryType="nt:unstructured">
                                            <backgroundImage
                                                    jcr:primaryType="nt:unstructured"
                                                    sling:resourceType="cq/gui/components/authoring/dialog/fileupload"
                                                    allowUpload="{Boolean}false"
                                                    autoStart="{Boolean}false"
                                                    class="cq-droptarget"
                                                    fieldLabel="Promo Slice Image"
                                                    fieldDescription="Drop a logo from the DAM here"
                                                    fileNameParameter="./primaryLogo"
                                                    fileReferenceParameter="./promoImage"
                                                    mimeTypes="[image]"
                                                    multiple="{Boolean}false"
                                                    name="./file"
                                                    title="Primary Logo Upload"
                                                    useHTML5="{Boolean}true"/>
                                            <overlayColor
                                                    jcr:primaryType="nt:unstructured"
                                                    sling:resourceType="granite/ui/components/coral/foundation/form/select"
                                                    fieldLabel="Promo Image Overlay Color"
                                                    name="./promoImageOverlayColor">
                                                <items jcr:primaryType="nt:unstructured">
                                                    <none
                                                            jcr:primaryType="nt:unstructured"
                                                            text="Transparent (Default)"
                                                            value=""/>
                                                    <grey
                                                            jcr:primaryType="nt:unstructured"
                                                            text="Grey"
                                                            value="beej-promo-slice__image--grey-overlay"/>
                                                    <pink
                                                            jcr:primaryType="nt:unstructured"
                                                            text="Pink"
                                                            value="beej-promo-slice__image--pink-overlay"/>
                                                    <blue
                                                            jcr:primaryType="nt:unstructured"
                                                            text="Blue"
                                                            value="beej-promo-slice__image--blue-overlay"/>
                                                    <purple
                                                            jcr:primaryType="nt:unstructured"
                                                            text="Purple"
                                                            value="beej-promo-slice__image--purple-overlay"/>
                                                    <orange
                                                            jcr:primaryType="nt:unstructured"
                                                            text="Orange"
                                                            value="beej-promo-slice__image--orange-overlay"/>
                                                </items>
                                            </overlayColor>
                                        </items>
                                    </column>
                                </items>
                            </columns>
                        </items>
                    </image>
                    <layout
                            jcr:primaryType="nt:unstructured"
                            jcr:title="Layout"
                            sling:resourceType="granite/ui/components/coral/foundation/container"
                            margin="{Boolean}true">
                        <items jcr:primaryType="nt:unstructured">
                            <columns
                                    jcr:primaryType="nt:unstructured"
                                    sling:resourceType="granite/ui/components/coral/foundation/fixedcolumns"
                                    margin="{Boolean}true">
                                <items jcr:primaryType="nt:unstructured">
                                    <column
                                            jcr:primaryType="nt:unstructured"
                                            sling:resourceType="granite/ui/components/coral/foundation/container">
                                        <items jcr:primaryType="nt:unstructured">
                                            <width
                                                    jcr:primaryType="nt:unstructured"
                                                    sling:resourceType="granite/ui/components/coral/foundation/form/radiogroup"
                                                    fieldLabel="Slice Width"
                                                    name="./promoWidth">
                                                <items jcr:primaryType="nt:unstructured">
                                                    <default
                                                            jcr:primaryType="nt:unstructured"
                                                            text="Full Width"
                                                            value=""/>
                                                    <maxwidth
                                                            jcr:primaryType="nt:unstructured"
                                                            text="1200px Max Width"
                                                            value="beej-promo-slice__wrapper--margins"/>
                                                </items>
                                            </width>
                                            <arrangement
                                                    jcr:primaryType="nt:unstructured"
                                                    sling:resourceType="granite/ui/components/coral/foundation/form/radiogroup"
                                                    fieldLabel="Slice Arrangement"
                                                    name="./promoArrangement">
                                                <items jcr:primaryType="nt:unstructured">
                                                    <left
                                                            jcr:primaryType="nt:unstructured"
                                                            text="Content Right"
                                                            value=""/>
                                                    <right
                                                            jcr:primaryType="nt:unstructured"
                                                            text="Content Left"
                                                            value="beej-promo-slice__container--content-left"/>
                                                </items>
                                            </arrangement>
                                        </items>
                                    </column>
                                </items>
                            </columns>
                        </items>
                    </layout>
                    <sliceContent
                            jcr:primaryType="nt:unstructured"
                            jcr:title="Content"
                            sling:resourceType="granite/ui/components/coral/foundation/container"
                            margin="{Boolean}true">
                        <items jcr:primaryType="nt:unstructured">
                            <columns
                                    jcr:primaryType="nt:unstructured"
                                    sling:resourceType="granite/ui/components/coral/foundation/fixedcolumns"
                                    margin="{Boolean}true">
                                <items jcr:primaryType="nt:unstructured">
                                    <column
                                            jcr:primaryType="nt:unstructured"
                                            sling:resourceType="granite/ui/components/coral/foundation/container">
                                        <items jcr:primaryType="nt:unstructured">
                                            <contentBackground
                                                    jcr:primaryType="nt:unstructured"
                                                    sling:resourceType="granite/ui/components/coral/foundation/form/select"
                                                    fieldLabel="Promo Slice Content Background Color"
                                                    name="./promoContentBackground">
                                                <items jcr:primaryType="nt:unstructured">
                                                    <default
                                                            jcr:primaryType="nt:unstructured"
                                                            text="Grey (Default)"
                                                            value=""/>
                                                    <white
                                                            jcr:primaryType="nt:unstructured"
                                                            text="White Background"
                                                            value="beej-promo-slice__content--background-white"/>
                                                    <pink
                                                            jcr:primaryType="nt:unstructured"
                                                            text="Pink Background"
                                                            value="beej-promo-slice__content--background-pink"/>
                                                    <purple
                                                            jcr:primaryType="nt:unstructured"
                                                            text="Purple Background"
                                                            value="beej-promo-slice__content--background-purple"/>
                                                    <blue
                                                            jcr:primaryType="nt:unstructured"
                                                            text="Blue Background"
                                                            value="beej-promo-slice__content--background-blue"/>
                                                    <orange
                                                            jcr:primaryType="nt:unstructured"
                                                            text="Orange Background"
                                                            value="beej-promo-slice__content--background-orange"/>
                                                </items>
                                            </contentBackground>
                                            <promoTitle
                                                    jcr:primaryType="nt:unstructured"
                                                    sling:resourceType="granite/ui/components/coral/foundation/form/textfield"
                                                    fieldLabel="Promo Slice Title"
                                                    name="./promoTitle"/>
                                            <promoText
                                                    jcr:primaryType="nt:unstructured"
                                                    sling:resourceType="granite/ui/components/coral/foundation/form/textarea"
                                                    fieldLabel="Promo Slice Text"
                                                    name="./promoText"/>
                                        </items>
                                    </column>
                                </items>
                            </columns>
                        </items>
                    </sliceContent>
                    <cta
                            jcr:primaryType="nt:unstructured"
                            jcr:title="CTA"
                            sling:resourceType="granite/ui/components/coral/foundation/container"
                            margin="{Boolean}true">
                        <items jcr:primaryType="nt:unstructured">
                            <columns
                                    jcr:primaryType="nt:unstructured"
                                    sling:resourceType="granite/ui/components/coral/foundation/fixedcolumns"
                                    margin="{Boolean}true">
                                <items jcr:primaryType="nt:unstructured">
                                    <column
                                            jcr:primaryType="nt:unstructured"
                                            sling:resourceType="granite/ui/components/coral/foundation/container">
                                        <items jcr:primaryType="nt:unstructured">
                                            <ctaURL
                                                    jcr:primaryType="nt:unstructured"
                                                    sling:resourceType="granite/ui/components/coral/foundation/form/pathbrowser"
                                                    fieldLabel="CTA Path"
                                                    name="./promoCTAPath"
                                                    rootPath="/content"/>
                                            <ctaText
                                                    jcr:primaryType="nt:unstructured"
                                                    sling:resourceType="granite/ui/components/coral/foundation/form/textfield"
                                                    fieldLabel="CTA Text"
                                                    name="./promoCTAText"/>
                                            <ctaColor
                                                    jcr:primaryType="nt:unstructured"
                                                    sling:resourceType="granite/ui/components/coral/foundation/form/select"
                                                    fieldLabel="CTA Color"
                                                    name="./promoCTAColor">
                                                <items jcr:primaryType="nt:unstructured">
                                                    <default
                                                            jcr:primaryType="nt:unstructured"
                                                            text="Grey (Default)"
                                                            value=""/>
                                                    <white
                                                            jcr:primaryType="nt:unstructured"
                                                            text="White"
                                                            value="beej-button--white"/>
                                                    <pink
                                                            jcr:primaryType="nt:unstructured"
                                                            text="Pink"
                                                            value="beej-button--pink"/>
                                                    <blue
                                                            jcr:primaryType="nt:unstructured"
                                                            text="Blue"
                                                            value="beej-button--blue"/>
                                                    <purple
                                                            jcr:primaryType="nt:unstructured"
                                                            text="Purple"
                                                            value="beej-button--purple"/>

                                                    <orange
                                                            jcr:primaryType="nt:unstructured"
                                                            text="Orange"
                                                            value="beej-button--orange"/>
                                                </items>
                                            </ctaColor>
                                        </items>
                                    </column>
                                </items>
                            </columns>
                        </items>
                    </cta>
                </items>
            </tabs>
        </items>
    </content>
</jcr:root>