<?xml version="1.0" encoding="UTF-8"?>
<jcr:root xmlns:sling="http://sling.apache.org/jcr/sling/1.0" xmlns:granite="http://www.adobe.com/jcr/granite/1.0" xmlns:cq="http://www.day.com/jcr/cq/1.0" xmlns:jcr="http://www.jcp.org/jcr/1.0" xmlns:nt="http://www.jcp.org/jcr/nt/1.0"
          jcr:primaryType="nt:unstructured"
          jcr:title="Footer Component"
          sling:resourceType="cq/gui/components/authoring/dialog">
    <content
            jcr:primaryType="nt:unstructured"
            sling:resourceType="granite/ui/components/coral/foundation/container">
        <items jcr:primaryType="nt:unstructured">
            <tabs
                    jcr:primaryType="nt:unstructured"
                    sling:resourceType="granite/ui/components/coral/foundation/tabs"
                    maximized="{Boolean}false">
                <items jcr:primaryType="nt:unstructured">
                    <appearance
                            jcr:primaryType="nt:unstructured"
                            jcr:title="Appearance"
                            sling:resourceType="granite/ui/components/coral/foundation/container"
                            margin="{Boolean}true">
                        <items jcr:primaryType="nt:unstructured">
                            <columns
                                    jcr:primaryType="nt:unstructured"
                                    sling:resourceType="granite/ui/components/coral/foundation/fixedcolumns"
                                    margin="{Boolean}true">
                                <items jcr:primaryType="nt:unstructured">
                                    <column
                                            jcr:primaryType="nt:unstructured"
                                            sling:resourceType="granite/ui/components/coral/foundation/container">
                                        <items jcr:primaryType="nt:unstructured">
                                            <theme
                                                    jcr:primaryType="nt:unstructured"
                                                    sling:resourceType="granite/ui/components/coral/foundation/form/select"
                                                    fieldLabel="Color Theme"
                                                    name="./footerTheme">
                                                <items jcr:primaryType="nt:unstructured">
                                                    <dark
                                                            jcr:primaryType="nt:unstructured"
                                                            text="Dark (Default)"
                                                            value=""/>
                                                    <light
                                                            jcr:primaryType="nt:unstructured"
                                                            text="Light"
                                                            value="beej-footer--light-theme"/>
                                                    <black
                                                            jcr:primaryType="nt:unstructured"
                                                            text="Black"
                                                            value="beej-footer--black-theme"/>
                                                </items>
                                            </theme>
                                            <logoPrimary
                                                    jcr:primaryType="nt:unstructured"
                                                    sling:resourceType="cq/gui/components/authoring/dialog/fileupload"
                                                    allowUpload="{Boolean}false"
                                                    autoStart="{Boolean}false"
                                                    class="cq-droptarget"
                                                    fieldLabel="Header Logo"
                                                    fieldDescription="Drop a logo from the DAM here"
                                                    fileNameParameter="./primaryLogo"
                                                    fileReferenceParameter="./footerLogo"
                                                    mimeTypes="[image]"
                                                    multiple="{Boolean}false"
                                                    name="./file"
                                                    title="Primary Logo Upload"
                                                    useHTML5="{Boolean}true"/>
                                            <logoPrimaryURL
                                                    jcr:primaryType="nt:unstructured"
                                                    sling:resourceType="granite/ui/components/coral/foundation/form/pathbrowser"
                                                    fieldLabel="Logo URL"
                                                    name="./logoURL"
                                                    rootPath="/content"/>
                                        </items>
                                    </column>
                                </items>
                            </columns>
                        </items>
                    </appearance>
                    <nav
                            jcr:primaryType="nt:unstructured"
                            jcr:title="Nav Items"
                            sling:resourceType="granite/ui/components/coral/foundation/container"
                            margin="{Boolean}true">
                        <items jcr:primaryType="nt:unstructured">
                            <columns
                                    jcr:primaryType="nt:unstructured"
                                    sling:resourceType="granite/ui/components/coral/foundation/fixedcolumns"
                                    margin="{Boolean}true">
                                <items jcr:primaryType="nt:unstructured">
                                    <column
                                            jcr:primaryType="nt:unstructured"
                                            sling:resourceType="granite/ui/components/coral/foundation/container">
                                        <items jcr:primaryType="nt:unstructured">
                                            <navItems
                                                    jcr:primaryType="nt:unstructured"
                                                    sling:resourceType="granite/ui/components/coral/foundation/form/multifield"
                                                    composite="{Boolean}true"
                                                    fieldDescription="Click + to add a nav item"
                                                    fieldLabel="Nav Items"
                                                    name="./">
                                                <field
                                                        jcr:primaryType="nt:unstructured"
                                                        sling:resourceType="granite/ui/components/coral/foundation/form/fieldset"
                                                        name="./navItems">
                                                    <items jcr:primaryType="nt:unstructured">
                                                        <navItemtext
                                                                jcr:primaryType="nt:unstructured"
                                                                sling:resourceType="granite/ui/components/coral/foundation/form/textfield"
                                                                fieldDescription="The text for the nav link"
                                                                fieldLabel="Nav Link Text"
                                                                name="./navLinkText"/>
                                                        <navItemURL
                                                                jcr:primaryType="nt:unstructured"
                                                                sling:resourceType="granite/ui/components/coral/foundation/form/pathbrowser"
                                                                fieldLabel="Nav Link URL"
                                                                name="./navLinkURL"
                                                                rootPath="/content"/>
                                                    </items>
                                                </field>
                                            </navItems>
                                        </items>
                                    </column>
                                </items>
                            </columns>
                        </items>
                    </nav>
                    <legal
                            jcr:primaryType="nt:unstructured"
                            jcr:title="Legal Text"
                            sling:resourceType="granite/ui/components/coral/foundation/container"
                            margin="{Boolean}true">
                        <items jcr:primaryType="nt:unstructured">
                            <columns
                                    jcr:primaryType="nt:unstructured"
                                    sling:resourceType="granite/ui/components/coral/foundation/fixedcolumns"
                                    margin="{Boolean}true">
                                <items jcr:primaryType="nt:unstructured">
                                    <column
                                            jcr:primaryType="nt:unstructured"
                                            sling:resourceType="granite/ui/components/coral/foundation/container">
                                        <items jcr:primaryType="nt:unstructured">
                                            <legalText
                                                    jcr:primaryType="nt:unstructured"
                                                    sling:resourceType="granite/ui/components/coral/foundation/form/textarea"
                                                    fieldDescription="Legal text"
                                                    fieldLabel="Legal Text"
                                                    name="./legalText"/>
                                        </items>
                                    </column>
                                </items>
                            </columns>
                        </items>
                    </legal>
                </items>
            </tabs>
        </items>
    </content>
</jcr:root>